{
  "model_type": "IndoBERT_LSTM",
  "best_parameters": {
    "batch_size": 16,
    "max_sequence_length": 77,
    "learning_rate": 2e-05,
    "dropout": 0.2,
    "num_epochs": 5
  },
  "training_time_minutes": 2.0125800132751466,
  "evaluation_results": {
    "train_accuracy": 0.9593175853018373,
    "train_macro_f1": 0.9593827279401097,
    "train_weighted_f1": 0.9594074235310278,
    "val_accuracy": 0.9182156133828996,
    "val_macro_f1": 0.9183507626846946,
    "val_weighted_f1": 0.9184031621030432,
    "confusion_matrix": [
      [
        84,
        3,
        3
      ],
      [
        3,
        85,
        1
      ],
      [
        1,
        11,
        78
      ]
    ]
  },
  "model_architecture": {
    "lstm_hidden_size": 128,
    "num_lstm_layers": 2,
    "num_labels": 3
  }
}