{
  "model_type": "IndoBERT_MLP",
  "evaluation_results": {
    "train_accuracy": 0.9603174603174603,
    "train_macro_f1": 0.9596643777678261,
    "train_weighted_f1": 0.9603400072150072,
    "val_accuracy": 0.8333333333333334,
    "val_macro_f1": 0.8304157041737404,
    "val_weighted_f1": 0.8342894869487506,
    "confusion_matrix": [
      [
        30,
        1,
        0
      ],
      [
        2,
        22,
        2
      ],
      [
        0,
        10,
        23
      ]
    ],
    "train_classification_report": {
      "0": {
        "precision": 0.9942528735632183,
        "recall": 0.9942528735632183,
        "f1-score": 0.9942528735632183,
        "support": 174.0
      },
      "1": {
        "precision": 0.9006211180124224,
        "recall": 0.9863945578231292,
        "f1-score": 0.9415584415584416,
        "support": 147.0
      },
      "2": {
        "precision": 0.9822485207100592,
        "recall": 0.907103825136612,
        "f1-score": 0.9431818181818182,
        "support": 183.0
      },
      "accuracy": 0.9603174603174603,
      "macro avg": {
        "precision": 0.9590408374285667,
        "recall": 0.9625837521743198,
        "f1-score": 0.9596643777678261,
        "support": 504.0
      },
      "weighted avg": {
        "precision": 0.9625848881701725,
        "recall": 0.9603174603174603,
        "f1-score": 0.9603400072150072,
        "support": 504.0
      }
    },
    "val_classification_report": {
      "0": {
        "precision": 0.9375,
        "recall": 0.967741935483871,
        "f1-score": 0.9523809523809523,
        "support": 31.0
      },
      "1": {
        "precision": 0.6666666666666666,
        "recall": 0.8461538461538461,
        "f1-score": 0.7457627118644068,
        "support": 26.0
      },
      "2": {
        "precision": 0.92,
        "recall": 0.696969696969697,
        "f1-score": 0.7931034482758621,
        "support": 33.0
      },
      "accuracy": 0.8333333333333334,
      "macro avg": {
        "precision": 0.8413888888888889,
        "recall": 0.8369551595358047,
        "f1-score": 0.8304157041737404,
        "support": 90.0
      },
      "weighted avg": {
        "precision": 0.8528425925925925,
        "recall": 0.8333333333333334,
        "f1-score": 0.8342894869487506,
        "support": 90.0
      }
    }
  },
  "best_parameters": {
    "batch_size": 16,
    "max_sequence_length": 77,
    "learning_rate": 3e-05,
    "dropout": 0.2,
    "num_epochs": 5
  },
  "training_time_minutes": 13.612615625063578
}