{
  "model_type": "IndoBERT_CNN",
  "best_parameters": {
    "batch_size": 16,
    "max_sequence_length": 77,
    "learning_rate": 3e-05,
    "dropout": 0.2,
    "num_epochs": 5
  },
  "training_time_minutes": 2.521661372979482,
  "evaluation_results": {
    "train_accuracy": 0.9967191601049868,
    "train_macro_f1": 0.9967216543259495,
    "train_weighted_f1": 0.9967204531257859,
    "val_accuracy": 0.9219330855018587,
    "val_macro_f1": 0.9220274311261121,
    "val_weighted_f1": 0.9220608287204067,
    "confusion_matrix": [
      [
        81,
        6,
        3
      ],
      [
        3,
        84,
        2
      ],
      [
        2,
        5,
        83
      ]
    ]
  },
  "model_architecture": {
    "num_filters": 100,
    "filter_sizes": [
      3,
      4,
      5
    ],
    "num_labels": 3
  }
}